﻿<?xml version="1.0" encoding="UTF-8" standalone="yes"?>
<addon id="plugin.video.tempest" name="[B][COLORdodgerblue]TEMPEST[/COLOR][/B]" version="2.0.0" provider-name="[B][COLORdodgerblue]TTMedia[/COLOR][/B]">
    <requires>
        <import addon="xbmc.python" version="2.19.0" />
        <import addon="script.module.universalscrapers" version="1.0.0" />
        <import addon="script.module.python.koding.aio" version="0.9.6.6" />
        <import addon="script.module.beautifulsoup" version="3.2.1" />
        <import addon="script.module.requests" version="2.9.1" />
        <import addon="script.module.addon.common" version="2.0.0" />
        <import addon="script.module.xmltodict" version="0.9.0" />
		<import addon="script.module.feedparser" />
        <import addon="script.module.dateutil" />
		<import addon="script.module.thetvdb" />
        <import addon="script.module.metadatautils" />
		<import addon="script.module.simplejson" />
		<import addon="script.module.ttmedialive" />
		<import addon="script.module.ttmedia-tvtap" />
		<import addon="script.module.beatport" />
		<import addon="script.video.F4mProxy" version="2.8.7" />
		<import addon="script.module.livestreamer" optional="true" />
		<import addon="script.module.streamlink.base" />
		<import addon="script.module.streamlink.crypto" />
		<import addon="script.module.cryptolib" />
		<import addon="script.module.slproxy" />
        <!--<import addon="script.module.web-pdb" version="1.0"/>-->
        <import addon="script.module.resolveurl" />
        <!--<import addon="script.module.urlresolver" />-->
		<import addon="plugin.video.sport365.live" />
		<import addon="plugin.video.youtube" />
		<import addon="plugin.video.mafiastreams" version="1.0.7" />
		<import addon="plugin.video.megaiptv" version="1.0.4" />
		<import addon="plugin.video.f4mTester" version="2.7.2" />
		<import addon="plugin.video.SportsDevil"  />
    </requires>
    <extension point="xbmc.python.pluginsource" library="default.py">
        <provides>audio video</provides>
    </extension>
    <extension point="xbmc.service" library="service.py" start="[login|startup]" />
    <extension point="xbmc.addon.metadata">
      <summary lang="en">[COLORred]EPIC TUNES TUBE N FLIX[/COLOR]</summary>
      <summary lang="he"></summary>
      <description lang="en">[B][COLORdeepskyblue]THE AUTHOR OF THIS ADDON DOES NOT HOST ANY OF THE CONTENT WHICH IS FOUND IN IT AND HAVE NO AFFILIATION WITH ANY OF THE CONTENT PROVIDERS.[/COLOR][/B]
     [B][COLORdeepskyblue]CREDITS TO THE ORIGINAL DEVS OF JEN AND TO ALL THE DEVS IN THE JEN GROUP AND ESPECIALLY DEVS IN KRITIKTV GROUP WITHOUT THEM THIS ADDON WOULDNT OF BEEN POSSIBLE!![/COLOR][/B]</description>
      <description lang="he"></description>
      <disclaimer lang="en">[B][COLORdeepskyblue]THE AUTHOR OF THIS ADDON DOES NOT HOST ANY OF THE CONTENT WHICH IS FOUND AND HAS NO AFFILIATION WITH ANY OF THE CONTENT PROVIDERS AND OR XBMC/KODI[/COLOR][/B]</disclaimer>
      <disclaimer lang="en"></disclaimer>
      <platform>all</platform>
        <website>http://www.ttmedia.live</website>
        <video_guide></video_guide>
    </extension>
</addon>
