<?xml version="1.1" encoding="UTF-8" standalone="yes"?>
<addon id="plugin.video.bosstechmediaV4"
       name="BossTech Media [COLOR red]V4[/COLOR]"
       version="1.6"
       provider-name="[COLORlime]TT Media[/COLOR]">
  <requires>
    <import addon="xbmc.python" version="2.1.0"/>
	<import addon="script.module.requests" />
  </requires>
  <extension point="xbmc.python.pluginsource"
            library="default.py">
        <provides>video</provides>
  </extension>
  <extension point="xbmc.addon.metadata">
    <summary lang="en">BOSSTECH MEDIA[COLORred]V4[/COLOR]</summary>
    <language>en</language>
    <description lang="en">[COLORlightskyblue]BOSSTECH MEDIAV4 ADDON - SUPPLIER OF GREAT QUALITY AND STABLE STREAMS.[/COLOR]</description>
     <platform>all</platform>
  </extension>
</addon>
