<?xml version="1.0" encoding="UTF-8" standalone="yes"?>
<addon id="script.module.live-streamz" name="[B][COLORdodgerblue]Streamz[/B][/COLOR]" version="2.0.0" provider-name="[B][COLORdodgerblue]TTMedia[/B][/COLOR]">
  <requires>
    <import addon="script.module.requests" />
    <import addon="script.module.requests-cache" />
    <import addon="script.module.routing" />
  </requires>
  <extension point="xbmc.python.pluginsource" library="addon.py">
    <provides>video</provides>
  </extension>
  <extension point="xbmc.addon.metadata">
    <summary lang="en">TTMedia Streamz Module. All credit must go to anyone involved in the Original Code</summary>
    <description lang="en">Module for Streamz APK</description>
    <disclaimer lang="en"></disclaimer>
    <language></language>
    <platform>all</platform>
    <license></license>
    <forum></forum>
    <website></website>
    <email></email>
    <source>Requires Kodi 18 Leia</source>
  </extension>
</addon>
