
  <dir>
    <title>[B][COLORgold]2017 Movies[/COLOR][/B]</title>
    <tmdb>year/movies/2017</tmdb>
  </dir>

  <dir>
    <title>[B][COLORgold]2016 Movies[/COLOR][/B]</title>
    <tmdb>year/movies/2016</tmdb>
  </dir>

  <dir>
    <title>[B][COLORgold]2015 Movies[/COLOR][/B]</title>
    <tmdb>year/movies/2015</tmdb>
  </dir>

  <dir>
    <title>[B][COLORgold]2014 Movies[/COLOR][/B]</title>
    <tmdb>year/movies/2014</tmdb>
  </dir>

  <dir>
    <title>[B][COLORgold]2013 Movies[/COLOR][/B]</title>
    <tmdb>year/movies/2013</tmdb>
  </dir>

  <dir>
    <title>[B][COLORgold]2012 Movies[/COLOR][/B]</title>
    <tmdb>year/movies/2012</tmdb>
  </dir>

  <dir>
    <title>[B][COLORgold]2011 Movies[/COLOR][/B]</title>
    <tmdb>year/movies/2011</tmdb>
  </dir>

  <dir>
    <title>[B][COLORgold]2010 Movies[/COLOR][/B]</title>
    <tmdb>year/movies/2010</tmdb>
  </dir>

  <dir>
    <title>[B][COLORgold]2009 Movies[/COLOR][/B]</title>
    <tmdb>year/movies/2009</tmdb>
  </dir>

  <dir>
    <title>[B][COLORgold]2008 Movies[/COLOR][/B]</title>
    <tmdb>year/movies/2008</tmdb>
  </dir>

  <dir>
    <title>[B][COLORgold]2007 Movies[/COLOR][/B]</title>
    <tmdb>year/movies/2007</tmdb>
  </dir>

  <dir>
    <title>[B][COLORgold]2006 Movies[/COLOR][/B]</title>
    <tmdb>year/movies/2006</tmdb>
  </dir>

  <dir>
    <title>[B][COLORgold]2005 Movies[/COLOR][/B]</title>
    <tmdb>year/movies/2005</tmdb>
  </dir>

  <dir>
    <title>[B][COLORgold]2004 Movies[/COLOR][/B]</title>
    <tmdb>year/movies/2004</tmdb>
  </dir>

  <dir>
    <title>[B][COLORgold]2003 Movies[/COLOR][/B]</title>
    <tmdb>year/movies/2003</tmdb>
  </dir>

  <dir>
    <title>[B][COLORgold]2002 Movies[/COLOR][/B]</title>
    <tmdb>year/movies/2002</tmdb>
  </dir>

  <dir>
    <title>[B][COLORgold]2001 Movies[/COLOR][/B]</title>
    <tmdb>year/movies/2001</tmdb>
  </dir>

  <dir>
    <title>[B][COLORgold]2000 Movies[/COLOR][/B]</title>
    <tmdb>year/movies/2000</tmdb>
  </dir>
  
   <dir>
    <title>[B][COLORgold]1980 - 1999 Movies[/COLOR][/B]</title>
    <link>1999.xml</link>
  </dir>

  <dir>
    <title>[B][COLORgold]1960 - 1979 Movies[/COLOR][/B]</title>
    <link>1979.xml</link>
  </dir>

  <dir>
    <title>[B][COLORgold]1940 - 1959 Movies[/COLOR][/B]</title>
    <link>1959.xml</link>
  </dir>

  <<dir>
    <title>[B][COLORgold]2017 Movies[/COLOR][/B]</title>
    <tmdb>year/movies/2017</tmdb>
  </dir>

  <dir>
    <title>[B][COLORgold]2016 Movies[/COLOR][/B]</title>
    <tmdb>year/movies/2016</tmdb>
  </dir>

  <dir>
    <title>[B][COLORgold]2015 Movies[/COLOR][/B]</title>
    <tmdb>year/movies/2015</tmdb>
  </dir>

  <dir>
    <title>[B][COLORgold]2014 Movies[/COLOR][/B]</title>
    <tmdb>year/movies/2014</tmdb>
  </dir>

  <dir>
    <title>[B][COLORgold]2013 Movies[/COLOR][/B]</title>
    <tmdb>year/movies/2013</tmdb>
  </dir>

  <dir>
    <title>[B][COLORgold]2012 Movies[/COLOR][/B]</title>
    <tmdb>year/movies/2012</tmdb>
  </dir>

  <dir>
    <title>[B][COLORgold]2011 Movies[/COLOR][/B]</title>
    <tmdb>year/movies/2011</tmdb>
  </dir>

  <dir>
    <title>[B][COLORgold]2010 Movies[/COLOR][/B]</title>
    <tmdb>year/movies/2010</tmdb>
  </dir>

  <dir>
    <title>[B][COLORgold]2009 Movies[/COLOR][/B]</title>
    <tmdb>year/movies/2009</tmdb>
  </dir>

  <dir>
    <title>[B][COLORgold]2008 Movies[/COLOR][/B]</title>
    <tmdb>year/movies/2008</tmdb>
  </dir>

  <dir>
    <title>[B][COLORgold]2007 Movies[/COLOR][/B]</title>
    <tmdb>year/movies/2007</tmdb>
  </dir>

  <dir>
    <title>[B][COLORgold]2006 Movies[/COLOR][/B]</title>
    <tmdb>year/movies/2006</tmdb>
  </dir>

  <dir>
    <title>[B][COLORgold]2005 Movies[/COLOR][/B]</title>
    <tmdb>year/movies/2005</tmdb>
  </dir>

  <dir>
    <title>[B][COLORgold]2004 Movies[/COLOR][/B]</title>
    <tmdb>year/movies/2004</tmdb>
  </dir>

  <dir>
    <title>[B][COLORgold]2003 Movies[/COLOR][/B]</title>
    <tmdb>year/movies/2003</tmdb>
  </dir>

  <dir>
    <title>[B][COLORgold]2002 Movies[/COLOR][/B]</title>
    <tmdb>year/movies/2002</tmdb>
  </dir>

  <dir>
    <title>[B][COLORgold]2001 Movies[/COLOR][/B]</title>
    <tmdb>year/movies/2001</tmdb>
  </dir>

  <dir>
    <title>[B][COLORgold]2000 Movies[/COLOR][/B]</title>
    <tmdb>year/movies/2000</tmdb>
  </dir>
  
  <dir>
    <title>[B][COLORgold]1980 - 1999 Movies[/COLOR][/B]</title>
    <link>https://raw.githubusercontent.com/tilliferret/ferretworld/master/1999.xml</link>
  </dir>

  <dir>
    <title>[B][COLORgold]1960 - 1979 Movies[/COLOR][/B]</title>
    <link>https://raw.githubusercontent.com/tilliferret/ferretworld/master/1979.xml</link>
  </dir>

  <dir>
    <title>[B][COLORgold]1940 - 1959 Movies[/COLOR][/B]</title>
    <link>https://raw.githubusercontent.com/tilliferret/ferretworld/master/1959.xml</link>
  </dir>

  <dir>
    <title>[B][COLORgold]1920 - 1939 Movies[/COLOR][/B]</title>
    <link>https://raw.githubusercontent.com/tilliferret/ferretworld/master/1939.xml</link>
  </dir>

  <dir>
    <title>[B][COLORgold]1900 - 1919 Movies[/COLOR][/B]</title>
    <link>https://raw.githubusercontent.com/tilliferret/ferretworld/master/1919.xml</link>
  </dir>
