<dir>
   <title>[B][COLORgold]40 Acres & A Mule Filmworks[/COLOR][/B]</title>
  <tmdb>company/movies/4319</tmdb>
</dir>

<dir>
   <title>[B][COLORgold]Columbia Pictures[/COLOR][/B]</title>
  <tmdb>company/movies/5</tmdb>
</dir>

<dir>
   <title>[B][COLORgold][B]Columbia TriStar[/COLOR][/B]</title>
  <tmdb>company/movies/177</tmdb>
</dir>

<dir>
   <title>[B][COLORgold]Destination Films[/COLOR][/B]</title>
  <tmdb>company/movies/769</tmdb>
</dir>

<dir>
   <title>[B][COLORgold]Dimension Films[/COLOR][/B]</title>
  <tmdb>company/movies/7405</tmdb>
</dir>

<dir>
   <title>[B][COLORgold]Disney[/COLOR][/B]</title>
  <tmdb>company/movies/6421</tmdb>
</dir>

<dir>
   <title>[B][COLORgold]DreamWorks[/COLOR][/B]</title>
  <tmdb>company/movies/7</tmdb>
</dir>

<dir>
   <title>[B][COLORgold]DreamWorks Animation[/COLOR][/B]</title>
  <tmdb>company/movies/521</tmdb>
</dir>

<dir>
   <title>[B][COLORgold]DreamWorks Pictures[/COLOR][/B]</title>
  <tmdb>company/movies/7293</tmdb>
</dir>

<dir>
   <title>[B][COLORgold]DreamWorks SKG[/COLOR][/B]</title>
  <tmdb>company/movies/27</tmdb>
</dir>

<dir>
   <title>[B][COLORgold]Focus Features[/COLOR][/B]</title>
  <tmdb>company/movies/10146</tmdb>
</dir>

<dir>
   <title>[B][COLORgold]Fox Searchlight Pictures[/COLOR][/B]</title>
  <tmdb>company/movies/43</tmdb>
</dir>

<dir>
   <title>[B][COLORgold]Hallmark Hall of Fame Productions[/COLOR][/B]</title>
  <tmdb>company/movies/9027</tmdb>
</dir>

<dir>
   <title>[B][COLORgold]Happy Madison Productions[/COLOR][/B]</title>
  <tmdb>company/movies/2608</tmdb>
</dir>

<dir>
   <title>[B][COLORgold]IFC Films[/COLOR][/B]</title>
  <tmdb>company/movies/307</tmdb>
</dir>

<dir>
   <title>[B][COLORgold]Legendary Pictures[/COLOR][/B]</title>
  <tmdb>company/movies/923</tmdb>
</dir>

<dir>
   <title>[B][COLORgold]Lions Gate Entertainments[/COLOR][/B]</title>
  <tmdb>company/movies/7035</tmdb>
</dir>

<dir>
   <title>[B][COLORgold]Lions Gate Family Entertainment[/COLOR][/B]</title>
  <tmdb>company/movies/6574</tmdb>
</dir>

<dir>
   <title>[B][COLORgold]Lucasfilm[/COLOR][/B]</title>
  <tmdb>company/movies/1</tmdb>
</dir>

<dir>
   <title>[B][COLORgold]Magnolia Pictures[/COLOR][/B]</title>
  <tmdb>company/movies/1030</tmdb>
</dir>

<dir>
   <title>[B][COLORgold]Marvel Studios[/COLOR][/B]</title>
  <tmdb>company/movies/420</tmdb>
</dir>

<dir>
   <title>[B][COLORgold]Metro-Goldwyn-Mayer (MGM)[/COLOR][/B]</title>
  <tmdb>company/movies/8411</tmdb>
</dir>

<dir>
   <title>[B][COLORgold]New Line Cinema[/COLOR][/B]</title>
  <tmdb>company/movies/12</tmdb>
</dir>

<dir>
   <title>[B][COLORgold]Original Film[/COLOR][/B]</title>
  <tmdb>company/movies/333</tmdb>
</dir>

<dir>
   <title>[B][COLORgold]Paramount Pictures[/COLOR][/B]</title>
  <tmdb>company/movies/4</tmdb>
</dir>

<dir>
   <title>[B][COLORgold]Pixar Animation[/COLOR][/B]</title>
  <tmdb>company/movies/3</tmdb>
</dir>

<dir>
   <title>[B][COLORgold]Screen Gems[/COLOR][/B]</title>
  <tmdb>company/movies/3287</tmdb>
</dir>

<dir>
   <title>[B][COLORgold]Sony Pictures[/COLOR][/B]</title>
  <tmdb>company/movies/34</tmdb>
</dir>

<dir>
   <title>[B][COLORgold]Sony Pictures Entertainment[/COLOR][/B]</title>
  <tmdb>company/movies/5752</tmdb>
</dir>

<dir>
   <title>[B][COLORgold]Spyglass Entertainment[/COLOR][/B]</title>
  <tmdb>company/movies/158</tmdb>
</dir>

<dir>
   <title>[B][COLORgold]Summit Entertainment[/COLOR][/B]</title>
  <tmdb>company/movies/491</tmdb>
</dir>

<dir>
   <title>[B][COLORgold]The Weinstein Company[/COLOR][/B]</title>
  <tmdb>company/movies/308</tmdb>
</dir>

<dir>
   <title>[B][COLORgold]Touchstone Pictures[/COLOR][/B]</title>
  <tmdb>company/movies/9195</tmdb>
</dir>

<dir>
   <title>[B][COLORgold]Twentieth Century Fox Film Corporation[/COLOR][/B]</title>
  <tmdb>company/movies/306</tmdb>
</dir>

<dir>
   <title>[B][COLORgold]United Artists[/COLOR][/B]</title>
  <tmdb>company/movies/60</tmdb>
</dir>

<dir>
   <title>[B][COLORgold]Universal Animation Studios[/COLOR][/B]</title>
  <tmdb>company/movies/5556</tmdb>
</dir>

<dir>
   <title>[B][COLORgold]Universal Cartoon Studios[/COLOR][/B]</title>
  <tmdb>company/movies/4285</tmdb>
</dir>

<dir>
   <title>[B][COLORgold]Universal Studios[/COLOR][/B]</title>
  <tmdb>company/movies/13</tmdb>
</dir>

<dir>
   <title>[B][COLORgold]Walt Disney Animation Studios[/COLOR][/B]</title>
  <tmdb>company/movies/6125</tmdb>
</dir>

<dir>
   <title>[B][COLORgold]Walt Disney Production[/COLOR][/B]</title>
  <tmdb>company/movies/6470</tmdb>
</dir>

<dir>
   <title>[B][COLORgold]Walt Disney Productions[/COLOR][/B]</title>
  <tmdb>company/movies/3166</tmdb>
</dir>

<dir>
   <title>[B][COLORgold]Warner Bros.[/COLOR][/B]</title>
  <tmdb>company/movies/6194</tmdb>
</dir>

<dir>
   <title>[B][COLORgold]Warner Bros. Animation[/COLOR][/B]</title>
  <tmdb>company/movies/2785</tmdb>
</dir>

<dir>
   <title>[B][COLORgold]Warner Bros. Entertainment[/COLOR][/B]</title>
  <tmdb>company/movies/17</tmdb>
</dir>

<dir>
   <title>[B][COLORgold]Warner Bros. Pictures[/COLOR][/B]</title>
  <tmdb>company/movies/174</tmdb>
</dir>

