<?xml version="1.1" encoding="UTF-8" standalone="yes"?>
<addon id="plugin.video.duality"
       name="[B][COLORdodgerblue]DUALITY[/B][/COLOR]"
       version="1.0.6"
       provider-name="[B][COLORdodgerblue]TTMedia[/B][/COLOR]">
  <requires>
    <import addon="xbmc.python" version="2.1.0"/>
	<import addon="script.module.requests" />
  </requires>
  <extension point="xbmc.python.pluginsource"
            library="default.py">
        <provides>video</provides>
  </extension>
  <extension point="xbmc.addon.metadata">
    <summary lang="en">[B][COLORdeepskyblue]Dual IPTV services[/B][/COLOR]</summary>
    <language>en</language>
    <description lang="en">[B][COLORdeepskyblue]Two quality IPTV services in one addon...solid,realiable,consistant streams[/B][/COLOR]</description>
     <platform>all</platform>
  </extension>
</addon>