<?xml version="1.0" encoding="UTF-8" standalone="yes"?>
<addon id="script.module.livenow" name="[B][COLORlime]LIVE NOW[/COLOR][/B]" version="1.2" provider-name="[B][COLORlime]TTMedia[/COLOR][/B]">
  <requires>
    <import addon="xbmc.python" version="2.1.0"/>
    <import addon="script.module.livestreamer" />
    <import addon="script.module.requests" />
    <import addon="script.module.routing" />
  </requires>
  <extension point="xbmc.python.pluginsource" library="addon.py">
    <provides>all</provides>
  </extension>
  <extension point="xbmc.addon.metadata">
    <summary lang="en_gb">[B][COLORred]LIVE TV[/COLOR][/B]</summary>
    <description lang="en_gb">[B][COLORlime]THE AUTHOR OFF THIS ADD-ON DOES NOT HOST ANY OF THE CONTENT[/COLOR][/B]</description>
    <disclaimer lang="en_gb">[B][COLORlime]THE AUTOR OF THIS ADD-ON DOSE NOT HOST ANY OF THE CONTENT WHICH IS FOUND IN IT AND HAVE NO AFFILIATION WITH ANY OF THE CONTENT PROVIDERS.[/COLOR][/B]</disclaimer>
	<disclaimer lang="en_gb">[B][COLORred]CREDITS TO ORIGINAL AUTHOR RACC[/COLOR][/B]</disclaimer>
    <language></language>
    <platform>all</platform>
    <license></license>
    <forum></forum>
    <website></website>
    <email></email>
    <source></source>
  </extension>
</addon>
