<?xml version="1.0" encoding="UTF-8" standalone="yes"?>
<addon id="plugin.video.ufcfightpass" name="UFC Fight Pass" version="1.2.1" provider-name="portse">
  <requires>
    <import addon="xbmc.python" version="2.19.0"/>
    <import addon="script.module.requests" version="2.9.1"/>
    <import addon="script.module.beautifulsoup4" version="4.3.1" />
  </requires>
  <extension point="xbmc.python.pluginsource" library="default.py">
  <provides>video</provides>
  </extension>
  <extension point="xbmc.addon.metadata">
    <summary>UFC FIGHT PASS KODI VIDEO PLUGIN</summary>
    <description>SUBSCRIPTION BASED ACCESS TO UFC FIGHT PASS ONLINE CONTENT</description>
    <platform>all</platform>
    <language>en</language>
    <disclaimer></disclaimer>
    <license>MIT</license>
    <forum></forum>
    <website></website>
    <source></source>
  </extension>
</addon>
