﻿<?xml version="1.0" encoding="UTF-8" standalone="yes"?>
<addon id="plugin.video.tempest" name="[COLORlime]TEMPEST[/COLOR]" version="4.4" provider-name="TTMedia">
    <requires>
        <import addon="xbmc.python" version="2.19.0" />
        <import addon="script.module.universalscrapers" version="1.0.0" />
        <import addon="script.module.python.koding.aio" version="0.9.6.6" />
        <import addon="script.module.beautifulsoup" version="3.2.1" />
        <import addon="script.module.requests" version="2.9.1" />
        <import addon="script.module.addon.common" version="2.0.0" />
        <import addon="script.module.xmltodict" version="0.9.0" />
        <!--<import addon="script.module.web-pdb" version="1.0"/>-->
        <import addon="script.module.resolveurl" />
		<import addon="plugin.video.SportsDevil" version="2017.11.15NL1115" />
		
    </requires>
    <extension point="xbmc.python.pluginsource" library="default.py">
        <provides>audio video</provides>
    </extension>
    <extension point="xbmc.service" library="service.py" start="[login|startup]" />
    <extension point="xbmc.addon.metadata">
      <summary lang="en">[COLORred]EPIC TUNES TUBE N FLIX[/COLOR]</summary>
      <summary lang="he"></summary>
      <description lang="en">[COLORlawngreen]THE AUTHOR OF THIS ADDON DO NOT HOST ANY OF THE CONTENT WHICH IS FOUND AND HAVE NO AFFILIATION WITH ANY OF THE CONTENT PROVIDERS.[/COLOR]</description>
      <description lang="he"></description>
      <disclaimer lang="en">[COLORlawngreen]THE AUTHOR OF THIS ADDON DO NOT HOST ANY OF THE CONTENT WHICH IS FOUND AND HAVE NO AFFILIATION WITH ANY OF THE CONTENT PROVIDERS.[/COLOR]</disclaimer>
      <disclaimer lang="he"></disclaimer>
      <platform>all</platform>
        <website>www.ttmedia.live</website>
        <video_guide></video_guide>
    </extension>
</addon>
