<?xml version="1.0" encoding="UTF-8" standalone="yes"?>
<addon id="script.module.tvtime" name="[B][COLORlime]Tv Time[/COLOR][/B]" version="1.0.1" provider-name="[B][COLORlime]TTMedia[/COLOR][/B]">
  <requires>
    <import addon="xbmc.python" version="2.1.0"/>
    <import addon="script.module.livestreamer" />
    <import addon="script.module.requests" />
    <import addon="script.module.routing" />
  </requires>
  <extension point="xbmc.python.pluginsource" library="addon.py">
    <provides>video</provides>
  </extension>
  <extension point="xbmc.addon.metadata">
    <summary lang="en_gb">TV TIME</summary>
    <description lang="en_gb">TV TIME</description>
    <disclaimer lang="en_gb"></disclaimer>
    <language></language>
    <platform>all</platform>
    <license></license>
    <forum></forum>
    <website></website>
    <email></email>
    <source></source>
  </extension>
</addon>
