﻿<?xml version="1.0" encoding="utf-8" standalone="yes"?>
<addon id="script.module.beatport" name="[B][COLORlimegreen]Beatport[/B][/COLOR]" version="1.0.0" provider-name="[B][COLORlimegreen]TTMedia[/B][/COLOR]">
	<requires>
		<import addon="xbmc.python" version="2.24.0"/>
		<import addon="plugin.video.youtube" version="6.1.0"/>
	</requires>
	<extension point="xbmc.python.pluginsource" library="default.py">
		<provides>video</provides>
	</extension>
	<extension point="xbmc.addon.metadata">
		<summary lang="en">Play Music via Youtube</summary>
		<description lang="en">Choose Music from beatport and play it via Youtube.</description>
		<language></language>
		<platform>all</platform>
		<license>GNU GENERAL PUBLIC LICENSE. Version 3, June 2007</license>
		<website></website>
		<email></email>
		<assets>
			<icon>icon.png</icon>
			<fanart>fanart.jpg</fanart>
		</assets>
		<news>
		</news>
	</extension>
</addon>