<?xml version="1.0" encoding="UTF-8" standalone="yes"?>
<addon id="plugin.video.tellyone" name="[B][COLORlime]TELLYONE[/COLOR][/B]" version="1.0.0" provider-name="[B][COLORlime]TTMedia[/COLOR][/B]">
  <requires>
    <import addon="xbmc.python" version="2.1.0"/>
    <import addon="script.module.livestreamer" />
    <import addon="script.module.requests" />
    <import addon="script.module.routing" />
  </requires>
  <extension point="xbmc.python.pluginsource" library="addon.py">
    <provides>video</provides>
  </extension>
  <extension point="xbmc.addon.metadata">
    <summary lang="en_gb">[COLORred]FAVOURITE TV CHANNELS[/COLOR]</summary>
    <description lang="en_gb">[COLORred]FAVOURITE TV CHANNELS[/COLOR]</description>
    <disclaimer lang="en_gb">[COLORlime]WE DO NOT HOST OR HAVE ANY AFFILIATION WITH THE SOURCES[/COLOR]</disclaimer>
    <language></language>
    <platform>all</platform>
    <license></license>
    <forum></forum>
    <website></website>
    <email></email>
    <source></source>
  </extension>
</addon>
