<?xml version="1.0" encoding="UTF-8" standalone="yes"?>
<addon id="plugin.video.streammovie"
       name="[B][COLORwhite]Stream[/COLOR][/B][B][COLORred]Movie[/COLOR][/B]"
       version="1.0.0"
       provider-name="[B][COLORlime]TTMedia[/COLOR][/B]">
  <requires>
    <import addon="xbmc.python" version="2.1.0"/>
    <import addon="script.module.requests"/>
    <import addon="script.module.urlresolver"/>
    <import addon="script.module.beautifulsoup4" />
	</requires>
  <extension point="xbmc.python.pluginsource"
            library="default.py">
        <provides>video</provides>
  </extension>
  <extension point="xbmc.addon.metadata">
      <summary lang="en">[B][COLORred]EPIC ONE CLICK FLIX[/COLOR][/B]</summary>
      <summary lang="he"></summary>
      <description lang="en"></description>
      <description lang="he"></description>
      <disclaimer lang="en">[COLORlawngreen]THE AUTHOR OF THIS ADDON DO NOT HOST ANY OF THE CONTENT WHICH IS FOUND AND HAVE NO AFFILIATION WITH ANY OF THE CONTENT PROVIDERS.[/COLOR]</disclaimer>
      <disclaimer lang="he"></disclaimer>
      <platform>all</platform>
  </extension>
</addon>
