<?xml version="1.0" encoding="UTF-8" standalone="yes"?>
<addon id="plugin.video.platinumstreams" name="[B]Platinum[/B][B][COLORdeepskyblue]Streams[/B][/COLOR]" version="1.0.7" provider-name="[B][COLORskyblue]TTMedia[/B][/COLOR]">
  <requires>
    <import addon="xbmc.python" version="2.1.0"/>
	<import addon="script.module.requests" />
  </requires>
  <extension point="xbmc.python.pluginsource"
            library="default.py">
        <provides>video</provides>
  </extension>
  <extension point="xbmc.addon.metadata">
    <summary lang="en">[COLORlightblue]Live IPTV[/COLOR] </summary>
    <language>en</language>
    <description lang="en">[COLORdodgerblue]TTMedia Supplier of Great Quality and Stable Streams[/COLOR]</description>
     <platform>all</platform>
  </extension>
</addon>