<xml>
  <dir>
    <title>[B][COLORgold]Adam Sandler[/COLOR][/B]</title>
    <trakt>https://api.trakt.tv/people/Adam-Sandler/movies</trakt>
  </dir>

<dir>
    <title>[B][COLORgold]Al Pacino[/COLOR][/B]</title>
    <tmdb>person/movies/1158</tmdb>
  </dir>

<dir>
    <title>[B][COLORgold]Anthony Hopkins[/COLOR][/B]</title>
    <tmdb>person/movies/4173</tmdb>
  </dir>

<dir>
    <title>[B][COLORgold]Anthony Quinn[/COLOR][/B]</title>
    <trakt>https://api.trakt.tv/people/Anthony-Quinn/movies</trakt>
  </dir>

<dir>
    <title>[B][COLORgold]Arnold Schwarzenegger[/COLOR][/B]</title>
    <trakt>https://api.trakt.tv/people/arnold-schwarzenegger/movies</trakt>
  </dir>

<dir>
    <title>[B][COLORgold]Ben Affleck[/COLOR][/B]</title>
    <trakt>https://api.trakt.tv/people/Ben-Affleck/movies</trakt>
  </dir>

<dir>
    <title>[B][COLORgold]Ben Stiller[/COLOR][/B]</title>
    <trakt>https://api.trakt.tv/people/Ben-Stiller/movies</trakt>
  </dir>

<dir>
    <title>[B][COLORgold]Brad Pitt[/COLOR][/B]</title>
    <trakt>https://api.trakt.tv/people/Brad-Pitt/movies</trakt>
  </dir>

<dir>
    <title>[B][COLORgold]Bradley Cooper[/COLOR][/B]</title>
    <trakt>https://api.trakt.tv/people/Bradley-Cooper/movies</trakt>
  </dir>

<dir>
    <title>[B][COLORgold]Christian Bale[/COLOR][/B]</title>
    <trakt>https://api.trakt.tv/people/Christian-Bale/movies</trakt>
  </dir>

<dir>
    <title>[B][COLORgold]Clint Eastwood[/COLOR][/B]</title>
    <trakt>https://api.trakt.tv/people/clint-eastwood/movies</trakt>
  </dir>

<dir>
    <title>[B][COLORgold]Denzel Washington[/COLOR][/B]</title>
    <trakt>https://api.trakt.tv/people/Denzel-Washington/movies</trakt>
  </dir>

<dir>
    <title>[B][COLORgold]Dustin Hoffman[/COLOR][/B]</title>
    <trakt>https://api.trakt.tv/people/Dustin-Hoffman/movies</trakt>
  </dir>

<dir>
    <title>[B][COLORgold]Eddie Murphy[/COLOR][/B]</title>
    <trakt>https://api.trakt.tv/people/Eddie-Murphy/movies</trakt>
  </dir>

<dir>
    <title>[B][COLORgold]Harrison Ford[/COLOR][/B]</title>
    <tmdb>person/movies/3</tmdb>
  </dir>

<dir>
    <title>[B][COLORgold]Harrison Ford[/COLOR][/B]</title>
    <trakt>https://api.trakt.tv/people/Harrison-Ford/movies</trakt>
  </dir>

<dir>
    <title>[B][COLORgold]Jack Nicholson[/COLOR][/B]</title>
    <trakt>https://api.trakt.tv/people/Jack-Nicholson/movies</trakt>
  </dir>

<dir>
    <title>[B][COLORgold]Jason Statham[/COLOR][/B]</title>
    <trakt>https://api.trakt.tv/people/Jason-Statham/movies</trakt>
  </dir>

<dir>
    <title>[B][COLORgold]Jim Carrey[/COLOR][/B]</title>
    <trakt>https://api.trakt.tv/people/Jim-Carrey/movies</trakt>
  </dir>

<dir>
    <title>[B][COLORgold]Joe Pesci[/COLOR][/B]</title>
    <trakt>https://api.trakt.tv/people/Joe-Pesci/movies</trakt>
  </dir>

<dir>
    <title>[B][COLORgold]John Wayne[/COLOR][/B]</title>
    <trakt>https://api.trakt.tv/people/john-wayne/movies</trakt>
  </dir>

<dir>
    <title>[B][COLORgold]Johnny Depp[/COLOR][/B]</title>
    <tmdb>person/movies/85</tmdb>
    <thumbnail>https://image.tmdb.org/t/p/w640/ea4fTp9T8Zy2KWxyFsqDIBgHZmb.jpg</thumbnail>
  </dir>

<dir>
    <title>[B][COLORgold]Keanu Reeves[/COLOR][/B]</title>
    <trakt>https://api.trakt.tv/people/Keanu-Reeves/movies</trakt>
  </dir>

<dir>
    <title>[B][COLORgold]Kevin Costner[/COLOR][/B]</title>
    <tmdb>person/movies/1269</tmdb>
  </dir>

<dir>
    <title>[B][COLORgold]Kevin Costner[/COLOR][/B]</title>
    <trakt>https://api.trakt.tv/people/Kevin-Costner/movies</trakt>
  </dir>

<dir>
    <title>[B][COLORgold]Kevin Spacey[/COLOR][/B]</title>
    <trakt>https://api.trakt.tv/people/Kevin-Spacey/movies</trakt>
  </dir>

<dir>
    <title>[B][COLORgold]Kurt Russell[/COLOR][/B]</title>
    <trakt>https://api.trakt.tv/people/Kurt-Russell/movies</trakt>
  </dir>

<dir>
    <title>[B][COLORgold]Liam Neeson[/COLOR][/B]</title>
    <trakt>https://api.trakt.tv/people/Liam-Neeson/movies</trakt>
  </dir>

<dir>
    <title>[B][COLORgold]Matt Damon[/COLOR][/B]</title>
    <trakt>https://api.trakt.tv/people/Matt-Damon/movies</trakt>
  </dir>

<dir>
    <title>[B][COLORgold]Mel Gibson[/COLOR][/B]</title>
    <trakt>https://api.trakt.tv/people/Mel-Gibson/movies</trakt>
  </dir>

<dir>
    <title>[B][COLORgold]Michael Caine[/COLOR][/B]</title>
    <tmdb>person/movies/3895</tmdb>
  </dir>

<dir>
    <title>[B][COLORgold]Michael Caine[/COLOR][/B]</title>
    <trakt>https://api.trakt.tv/people/Michael-Caine/movies</trakt>
  </dir>

<dir>
    <title>[B][COLORgold]Mickey Rourke[/COLOR][/B]</title>
    <trakt>https://api.trakt.tv/people/Mickey-Rourke/movies</trakt>
  </dir>

<dir>
    <title>[B][COLORgold]Morgan Freeman[/COLOR][/B]</title>
    <tmdb>person/movies/192</tmdb>
  </dir>

<dir>
    <title>[B][COLORgold]Nicolas Cage[/COLOR][/B]</title>
    <trakt>https://api.trakt.tv/people/Nicolas-Cage/movies</trakt>
  </dir>

<dir>
    <title>[B][COLORgold]Owen Wilson[/COLOR][/B]</title>
    <trakt>https://api.trakt.tv/people/Owen-Wilson/movies</trakt>
  </dir>

<dir>
    <title>[B][COLORgold]Pierce Brosnan[/COLOR][/B]</title>
    <tmdb>person/movies/517</tmdb>
  </dir>

<dir>
    <title>[B][COLORgold]Robert Carlyle[/COLOR][/B]</title>
    <trakt>https://api.trakt.tv/people/Robert-Carlyle/movies</trakt>
  </dir>

<dir>
    <title>[B][COLORgold]Robert De Niro[/COLOR][/B]</title>
    <trakt>https://api.trakt.tv/people/Robert-De-Niro/movies</trakt>
  </dir>

<dir>
    <title>[B][COLORgold]Robert Downey Jr[/COLOR][/B]</title>
    <trakt>https://api.trakt.tv/people/Robert-Downey-Jr/movies</trakt>
  </dir>

<dir>
    <title>[B][COLORgold]Robin Williams[/COLOR][/B]</title>
    <tmdb>person/movies/2157</tmdb>
  </dir>

<dir>
    <title>[B][COLORgold]Russell Crowe[/COLOR][/B]</title>
    <trakt>https://api.trakt.tv/people/Russell-Crowe/movies</trakt>
  </dir>

<dir>
    <title>[B][COLORgold]Ryan Reynolds[/COLOR][/B]</title>
    <trakt>https://api.trakt.tv/people/Ryan-Reynolds/movies</trakt>
  </dir>

<dir>
    <title>[B][COLORgold]Samuel L. Jackson[/COLOR][/B]</title>
    <trakt>https://api.trakt.tv/people/samuel-l-jackson/movies</trakt>
  </dir>

<dir>
    <title>[B][COLORgold]Sean Bean[/COLOR][/B]</title>
    <trakt>https://api.trakt.tv/people/Sean-Bean/movies</trakt>
  </dir>

<dir>
    <title>[B][COLORgold]Seth Rogen[/COLOR][/B]</title>
    <trakt>https://api.trakt.tv/people/Seth-Rogen/movies</trakt>
  </dir>

<dir>
    <title>[B][COLORgold]Sylvester Stallone[/COLOR][/B]</title>
    <trakt>https://api.trakt.tv/people/Sylvester-Stallone/movies</trakt>
  </dir>

<dir>
    <title>[B][COLORgold]Tom Cruise[/COLOR][/B]</title>
    <tmdb>person/movies/500</tmdb>
  </dir>

<dir>
    <title>[B][COLORgold]Tom Hanks[/COLOR][/B]</title>
    <trakt>https://api.trakt.tv/people/tom-hanks/movies</trakt>
  </dir>

<dir>
    <title>[B][COLORgold]Tommy Lee Jones[/COLOR][/B]</title>
    <trakt>https://api.trakt.tv/people/Tommy-Lee-Jones/movies</trakt>
  </dir>

