<?xml version="1.0" encoding="UTF-8" standalone="yes"?>
<addon id="repository.ttmedia" name="TTMedia Repository" version="1.0.1" provider-name="TTMedia">
	<extension point="xbmc.addon.repository" name="TTMedia Repository">
		<dir>
        <info compressed="false">http://teamuniversal.xyz/modules4all/addons.xml</info>
        <checksum>http://teamuniversal.xyz/modules4all/addons.xml.md5</checksum>
        <datadir zip="true">http://teamuniversal.xyz/modules4all/</datadir>
        </dir>
		<info compressed="false">https://raw.githubusercontent.com/ttmediav1/repository.ttmedia/master/zips/addons.xml</info>
		<checksum>https://raw.githubusercontent.com/ttmediav1/repository.ttmedia/master/zips/addons.xml.md5</checksum>
		<datadir zip="true">https://raw.githubusercontent.com/ttmediav1/repository.ttmedia/master/zips/</datadir>
	</extension>
	<extension point="xbmc.addon.metadata">
		<summary lang="en">[COLORred]TTMEDIA[/COLOR]</summary>
		<description lang="en">[COLORlawngreen]THIS REPOSITORY HAS THE LATEST WORK FROM TTMEDIA[/COLOR]</description>
		<genre></genre>
	</extension>
</addon>