<?xml version="1.0" encoding="UTF-8"?>
<addon id="script.module.live365" name="LIVE365" version="1.0.4" provider-name="[B][COLORlime]TTMedia[/COLOR][/B]">
    <requires>
        <import addon="xbmc.python" version="2.1.0"/>
        <import addon="service.cronxbmc" optional="true"/>
    </requires>
    <extension point="xbmc.python.pluginsource" library="main.py">
        <provides>video</provides>
    </extension>
  <extension point="xbmc.addon.metadata">
    <summary lang="en">[B][COLORred]LIVE SPORTS 365[/COLOR][/B]</summary>
    <description lang="en">[B][COLORred]LIVE SPORTS 365[/COLOR][/B]</description>
    <disclaimer lang="en">[B][COLORlime]TTMEDIA DOES NOT HOST ANY OF THE MATERIAL IN THIS ADD-ON.[/COLOR][/B]</disclaimer>
    <language></language>
    <platform>all</platform>
    <license>GNU GENERAL PUBLIC LICENSE. Version 2, June 1991</license>
    <forum></forum>
    <website></website>
    <email></email>
  <assets>
    <icon>icon.png</icon>
    <fanart>fanart.jpg</fanart>
  </assets>
  <news></news>    
  </extension>
</addon>