<?xml version="1.0" encoding="UTF-8" standalone="yes"?>
<addon id="plugin.video.mafiastreams" name="Mafia [B][COLORred]Streams[/B][/COLOR]" version="1.0.8" provider-name="[B][COLORblue]TTMedia[/B][/COLOR]">
  <requires>
    <import addon="xbmc.python" version="2.1.0"/>
	<import addon="script.module.requests" />
  </requires>
  <extension point="xbmc.python.pluginsource"
            library="default.py">
        <provides>video</provides>
  </extension>
  <extension point="xbmc.addon.metadata">
    <summary lang="en">[B][COLORlightblue]Live IPTV[/B][/COLOR]</summary>
    <language>en</language>
    <description lang="en">[B][COLORdodgerblue]Mafia Streams Supplier of Great Quality and Stable Streams[/B][/COLOR]</description>
     <platform>all</platform>
  </extension>
</addon>