
*****Actress*****


<dir>
      <title>[B][COLORgold]Amy Adams[/COLOR][/B]</title>
      <trakt>https://api.trakt.tv/people/Amy-Adams/movies</trakt>
</dir>

<dir>
      <title>[B][COLORgold]Angelina Jolie[/COLOR][/B]</title>
      <trakt>https://api.trakt.tv/people/Angelina-Jolie/movies</trakt>
</dir>

<dir>
      <title>[B][COLORgold]Anne Hathaway[/COLOR][/B]</title>
      <trakt>https://api.trakt.tv/people/Anne-Hathaway/movies</trakt>
</dir>

<dir>
      <title>[B][COLORgold]Audrey Hepburn[/COLOR][/B]</title>
      <trakt>https://api.trakt.tv/people/Audrey-Hepburn/movies</trakt>
</dir>

<dir>
      <title>[B][COLORgold]Cate Blanchett[/COLOR][/B]</title>
      <trakt>https://api.trakt.tv/people/Cate-Blanchett/movies</trakt>
</dir>

<dir>
      <title>[B][COLORgold]Charlize Theron[/COLOR][/B]</title>
      <trakt>https://api.trakt.tv/people/Charlize-Theron/movies</trakt>
</dir>

<dir>
      <title>[B][COLORgold]Darlene Glória[/COLOR][/B]</title>
      <trakt>https://api.trakt.tv/people/Darlene-Glória/movies</trakt>
</dir>

<dir>
      <title>[B][COLORgold]Elizabeth Taylor[/COLOR][/B]</title>
      <trakt>https://api.trakt.tv/people/Elizabeth Taylor/movies</trakt>
</dir>

<dir>
      <title>[B][COLORgold]Emilia Clarke[/COLOR][/B]</title>
      <trakt>https://api.trakt.tv/people/Emilia-Clarke/movies</trakt>
</dir>

<dir>
      <title>[B][COLORgold]Emily Blunt[/COLOR][/B]</title>
      <trakt>https://api.trakt.tv/people/Emily-Blunt/movies</trakt>
</dir>

<dir>
      <title>[B][COLORgold]Emma Stone[/COLOR][/B]</title>
      <trakt>https://api.trakt.tv/people/Emma-Stone/movies</trakt>
</dir>

<dir>
      <title>[B][COLORgold]Emma Thompson[/COLOR][/B]</title>
      <trakt>https://api.trakt.tv/people/Emma-Thompson/movies</trakt>
</dir>

<dir>
      <title>[B][COLORgold]Emma Watson[/COLOR][/B]</title>
      <trakt>https://api.trakt.tv/people/Emma-Watson/movies</trakt>
</dir>

<dir>
      <title>[B][COLORgold]Gwyneth Paltrow[/COLOR][/B]</title>
      <trakt>https://api.trakt.tv/people/Gwyneth-Paltrow/movies</trakt>
</dir>

<dir>
      <title>[B][COLORgold]Halle Berry[/COLOR][/B]</title>
      <trakt>https://api.trakt.tv/people/Halle-Berry/movies</trakt>
</dir>

<dir>
      <title>[B][COLORgold]Helen Mirren[/COLOR][/B]</title>
      <trakt>https://api.trakt.tv/people/Helen-Mirren/movies</trakt>
</dir>

<dir>
      <title>[B][COLORgold]Jennifer Aniston[/COLOR][/B]</title>
      <trakt>https://api.trakt.tv/people/Jennifer-Aniston/movies</trakt>
</dir>

<dir>
      <title>[B][COLORgold]Jennifer Lawrence[/COLOR][/B]</title>
      <trakt>https://api.trakt.tv/people/Jennifer-Lawrence/movies</trakt>
</dir>

<dir>
      <title>[B][COLORgold]Jessica Alba[/COLOR][/B]</title>
      <trakt>https://api.trakt.tv/people/Jessica-Alba/movies</trakt>
</dir>

<dir>
      <title>[B][COLORgold]Jessica Biel[/COLOR][/B]</title>
      <trakt>https://api.trakt.tv/people/Jessica-Biel/movies</trakt>
</dir>

<dir>
      <title>[B][COLORgold]Jessica Chastain[/COLOR][/B]</title>
      <trakt>https://api.trakt.tv/people/Jessica-Chastain/movies</trakt>
</dir>

<dir>
      <title>[B][COLORgold]Jodie Foster[/COLOR][/B]</title>
      <trakt>https://api.trakt.tv/people/Jodie-Foster/movies</trakt>
</dir>

<dir>
      <title>[B][COLORgold]Judy Loe[/COLOR][/B]</title>
      <trakt>https://api.trakt.tv/people/Judy-Loe/movies</trakt>
</dir>

<dir>
      <title>[B][COLORgold]Julia Roberts[/COLOR][/B]</title>
      <trakt>https://api.trakt.tv/people/Julia-Roberts/movies</trakt>
</dir>

<dir>
      <title>[B][COLORgold]Julianne Moore[/COLOR][/B]</title>
      <trakt>https://api.trakt.tv/people/Julianne-Moore/movies</trakt>
</dir>

<dir>
      <title>[B][COLORgold]Kate Beckinsale[/COLOR][/B]</title>
      <trakt>https://api.trakt.tv/people/Kate-Beckinsale/movies</trakt>
</dir>

<dir>
      <title>[B][COLORgold]Kate Winslet[/COLOR][/B]</title>
      <trakt>https://api.trakt.tv/people/Kate-Winslet/movies</trakt>
</dir>

<dir>
      <title>[B][COLORgold]Katharine Hepburn[/COLOR][/B]</title>
      <trakt>https://api.trakt.tv/people/Katharine-Hepburn/movies</trakt>
</dir>

<dir>
      <title>[B][COLORgold]Kathy Bates[/COLOR][/B]</title>
      <trakt>https://api.trakt.tv/people/Kathy-Bates/movies</trakt>
</dir>

<dir>
      <title>[B][COLORgold]Keira Knightley[/COLOR][/B]</title>
      <trakt>https://api.trakt.tv/people/Emma-Stone/movies</trakt>
</dir>

<dir>
      <title>[B][COLORgold]Kim Kardashian[/COLOR][/B]</title>
      <trakt>https://api.trakt.tv/people/Kim-Kardashian/movies</trakt>
</dir>

<dir>
      <title>[B][COLORgold]Marilyn Monroe[/COLOR][/B]</title>
      <trakt>https://api.trakt.tv/people/Marilyn-Monroe/movies</trakt>
</dir>

<dir>
      <title>[B][COLORgold]Megan Fox[/COLOR][/B]</title>
      <trakt>https://api.trakt.tv/people/Megan-Fox/movies</trakt>
</dir>

<dir>
      <title>[B][COLORgold]Melanie Sloan[/COLOR][/B]</title>
      <trakt>https://api.trakt.tv/people/Melanie-Sloan/movies</trakt>
</dir>

<dir>
      <title>[B][COLORgold]Meryl Streep[/COLOR][/B]</title>
      <trakt>https://api.trakt.tv/people/Meryl-Streep/movies</trakt>
</dir>

<dir>
      <title>[B][COLORgold]Mila Kunis[/COLOR][/B]</title>
      <trakt>https://api.trakt.tv/people/Mila-Kunis/movies</trakt>
</dir>

<dir>
      <title>[B][COLORgold]Naomi Watts[/COLOR][/B]</title>
      <trakt>https://api.trakt.tv/people/Naomi-Watts/movies</trakt>
</dir>

<dir>
      <title>[B][COLORgold]Natalie Portman[/COLOR][/B]</title>
      <trakt>https://api.trakt.tv/people/Natalie-Portman/movies</trakt>
</dir>

<dir>
      <title>[B][COLORgold]Nicole Kidman[/COLOR][/B]</title>
      <trakt>https://api.trakt.tv/people/Nicole-Kidman/movies</trakt>
</dir>

<dir>
      <title>[B][COLORgold]Olivia Wilde[/COLOR][/B]</title>
      <trakt>https://api.trakt.tv/people/Olivia-Wilde/movies</trakt>
</dir>

<dir>
      <title>[B][COLORgold]Penélope Cruz[/COLOR][/B]</title>
      <trakt>https://api.trakt.tv/people/Penélope-Cruz/movies</trakt>
</dir>

<dir>
      <title>[B][COLORgold]Rachel McAdams[/COLOR][/B]</title>
      <trakt>https://api.trakt.tv/people/Rachel-McAdams/movies</trakt>
</dir>

<dir>
      <title>[B][COLORgold]Reese Witherspoon[/COLOR][/B]</title>
      <trakt>https://api.trakt.tv/people/Reese-Witherspoon/movies</trakt>
</dir>

<dir>
      <title>[B][COLORgold]Sally Field[/COLOR][/B]</title>
      <trakt>https://api.trakt.tv/people/Sally-Field/movies</trakt>
</dir>

<dir>
      <title>[B][COLORgold]Sandra Bullock[/COLOR][/B]</title>
      <trakt>https://api.trakt.tv/people/Sandra-Bullock/movies</trakt>
</dir>

<dir>
      <title>[B][COLORgold]Scarlett Johansson[/COLOR][/B]</title>
      <trakt>https://api.trakt.tv/people/Scarlett-Johansson/movies</trakt>
</dir>

<dir>
      <title>[B][COLORgold]Sharman Macdonald[/COLOR][/B]</title>
      <trakt>https://api.trakt.tv/people/Sharman-Macdonald/movies</trakt>
</dir>

<dir>
      <title>[B][COLORgold]Sofía Vergara[/COLOR][/B]</title>
      <trakt>https://api.trakt.tv/people/Sofía-Vergara/movies</trakt>
</dir>

<dir>
      <title>[B][COLORgold]Susan Sarandon[/COLOR][/B]</title>
      <trakt>https://api.trakt.tv/people/Susan Sarandon/movies</trakt>
</dir>

<dir>
      <title>[B][COLORgold]Vanessa Johansson[/COLOR][/B]</title>
      <trakt>https://api.trakt.tv/people/Vanessa-Johansson/movies</trakt>
</dir>

<dir>
      <title>[B][COLORgold]Viola Davis[/COLOR][/B]</title>
      <trakt>https://api.trakt.tv/people/Viola-Davis/movies</trakt>
</dir>

