<dir>
  <title>[B][COLORgold]Action[/COLOR][/B]</title>
  <tmdb>genre/movies/28</tmdb>
</dir>

<dir>
  <title>[B][COLORgold]Adventure[/COLOR][/B]</title>
  <tmdb>genre/movies/12</tmdb>
</dir>

<dir>
  <title>[B][COLORgold]Animation[/COLOR][/B]</title>
  <tmdb>genre/movies/16</tmdb>
</dir>

<dir>
  <title>[B][COLORgold]Comedy[/COLOR][/B]</title>
  <tmdb>genre/movies/35</tmdb>
</dir>

<dir>
  <title>[B][COLORgold]Crime[/COLOR][/B]</title>
  <tmdb>genre/movies/80</tmdb>
</dir>

<dir>
  <title>[B][COLORgold]Documentary[/COLOR][/B]</title>
  <tmdb>genre/movies/99</tmdb>
</dir>

<dir>
  <title>[B][COLORgold]Drama[/COLOR][/B]</title>
  <tmdb>genre/movies/18</tmdb>
</dir>

<dir>
  <title>[B][COLORgold]Family[/COLOR][/B]</title>
  <tmdb>genre/movies/10751</tmdb>
</dir>

<dir>
  <title>[B][COLORgold]Fantasy[/COLOR][/B]</title>
  <tmdb>genre/movies/14</tmdb>
</dir>

<dir>
  <title>[B][COLORgold]History[/COLOR][/B]</title>
  <tmdb>genre/movies/36</tmdb>
</dir>

<dir>
  <title>[B][COLORgold]Horror[/COLOR][/B]</title>
  <tmdb>genre/movies/27</tmdb>
</dir>

<dir>
  <title>[B][COLORgold]Music[/COLOR][/B]</title>
  <tmdb>genre/movies/10402</tmdb>
</dir>

<dir>
  <title>[B][COLORgold]Mystery[/COLOR][/B]</title>
  <tmdb>genre/movies/9648</tmdb>
</dir>

<dir>
  <title>[B][COLORgold]Romance[/COLOR][/B]</title>
  <tmdb>genre/movies/10749</tmdb>
</dir>

<dir>
  <title>[B][COLORgold]Science Fiction[/COLOR][/B]</title>
  <tmdb>genre/movies/878</tmdb>
</dir>

<dir>
  <title>[B][COLORgold]TV Movie[/COLOR][/B]</title>
  <tmdb>genre/movies/10770</tmdb>
</dir>

<dir>
  <title>[B][COLORgold]Thriller[/COLOR][/B]</title>
  <tmdb>genre/movies/53</tmdb>
</dir>

<dir>
  <title>[B][COLORgold]War[/COLOR][/B]</title>
  <tmdb>genre/movies/10752</tmdb>
</dir>

<dir>
  <title>[B][COLORgold]Western[/COLOR][/B]</title>
  <tmdb>genre/movies/37</tmdb>
</dir>

