<?xml version="1.0" encoding="UTF-8" standalone="yes"?>
<addon id="script.temptv.artwork" version="1.0.2" name="[B][COLORdodgerblue]TempTV Artwork[/B][/COLOR]" provider-name="[B][COLORdodgerblue]TTMedia[/B][/COLOR]">
	<requires>
		<import addon="xbmc.python" version="2.19.0"/>
	</requires>
	<extension point="xbmc.python.module" library="lib" />
	<extension point="xbmc.addon.metadata">
		<summary>Themes for the Temptv Addon</summary>
		<description></description>
		<platform>all</platform>
	</extension>
</addon>
