<item>
  <title>Ready Player One</title>
  <meta>
    <imdb>tt1677720</imdb>
    <content>movie</content>
    <title>Ready Player One</title>
    <year>2018</year>
  </meta>
  <link>
    <sublink>https://uptostream.com/pipn6kdecxy0</sublink>
    <sublink></sublink>
    <sublink>search</sublink>
    <sublink>searchsd</sublink>
  </link>
  <thumbnail>https://fanart.tv/fanart/movies/333339/movieposter/ready-player-one-5abf422a72873.jpg</thumbnail>
  <fanart>https://fanart.tv/fanart/movies/333339/moviebackground/ready-player-one-59ae1eee5cb24.jpg</fanart>
</item>