<?xml version="1.0" encoding="UTF-8" standalone="yes"?>
<addon id="plugin.program.ttmediawizard" name="[COLORdodgerblue]TTMedia Wizard[/COLOR]" version="4.6" provider-name="[COLORdodgerblue]TTMedia[/COLOR]">
  <requires>
    <import addon="xbmc.python" version="2.1.0"/>
  </requires>
  <extension point="xbmc.python.pluginsource" library="default.py">
    <provides>executable</provides>
  </extension>
  <extension point="xbmc.service" library="startup.py" start="startup" />
  <extension point="xbmc.addon.metadata">
    <summary lang="en">TTMedia Wizard</summary>
    <description lang="en">[B][COLORdodgerblue]TTMEDIA WIZARD KEEPS YOUR KODI DEVICES RUNNING SMOOTH AND ALLOWS YOU TO GET ACCESS TO THE LATEST TTMEDIA CUSTOM BUILDS.[/COLOR][/B]</description>
    <platform>all</platform>
  </extension>
</addon>