﻿<?xml version="1.0" encoding="UTF-8" standalone="yes"?>
<addon id="plugin.video.tempest" name="[B][COLORlime]TEMPEST[/COLOR][/B]" version="1.0.1" provider-name="[B][COLORlime]TTMedia[/COLOR][/B]">
    <requires>
      <import addon="xbmc.python" version="2.19.0" />
        <import addon="script.module.universalscrapers" version="1.0.0" />
        <import addon="script.module.python.koding.aio" version="0.9.6.6" />
        <import addon="script.module.beautifulsoup" version="3.2.1" />
        <import addon="script.module.requests" version="2.9.1" />
        <import addon="script.module.addon.common" version="2.0.0" />
        <import addon="script.module.xmltodict" version="0.9.0" />
        <import addon="script.module.thetvdb" />
        <import addon="script.module.metadatautils" />
		<import addon="script.module.live365" version="1.0.3" />
		<import addon="script.module.simplejson"  />
		<import addon="script.module.streamz" version="1.0.0" />
		<import addon="script.module.tvtap" version="1.1" />
		<import addon="script.video.F4mProxy" version="2.8.7" />
		<import addon="script.module.livestreamer" optional="true" />
		<import addon="script.module.streamlink.base" version="2018.02.24" />
		<import addon="script.module.streamlink.crypto" version="1.4.0" />
        <!--<import addon="script.module.web-pdb" version="1.0"/>-->
        <import addon="script.module.resolveurl" />
		<import addon="script.module.tvtime" version="1.0.1" />
        <import addon="plugin.video.youtube" />
		<import addon="plugin.video.ufcfightpass" version="1.2.1" />
		<import addon="plugin.program.xmlerator" version="5.1.0" />
		<import addon="plugin.video.btmedia" version="1.0" />
		<import addon="plugin.video.bosstechmediaV3" version="1.4" />
		<import addon="plugin.video.livenettv" version="1.1" />
		<import addon="plugin.video.f4mTester" version="2.7.2" />
		<import addon="plugin.video.SportsDevil" version="2018.04.11" />
		
		</requires>
    <extension point="xbmc.python.pluginsource" library="default.py">
        <provides>audio video</provides>
    </extension>
    <extension point="xbmc.service" library="service.py" start="[login|startup]" />
    <extension point="xbmc.addon.metadata">
      <summary lang="en">[COLORred]EPIC TUNES TUBE N FLIX[/COLOR]</summary>
      <summary lang="he"></summary>
      <description lang="en">[B][COLORlawngreen]THE AUTHOR OF THIS ADDON DOES NOT HOST ANY OF THE CONTENT WHICH IS FOUND IN IT AND HAVE NO AFFILIATION WITH ANY OF THE CONTENT PROVIDERS.[/COLOR][/B]
	                         [B][COLORred]CREDITS TO THE ORIGINAL DEVS OF JEN AND TO RACC,MR KNOW AND TO ALL THE DEVS IN THE JEN GROUP WITHOUT THEM THIS ADDON WOULDNT OF BEEN POSSIBLE!![/COLOR][/B]</description>
      <description lang="he"></description>
      <disclaimer lang="en">[B][COLORlawngreen]THE AUTHOR OF THIS ADDON DO NOT HOST ANY OF THE CONTENT WHICH IS FOUND AND HAVE NO AFFILIATION WITH ANY OF THE CONTENT PROVIDERS.[/COLOR][/B]</disclaimer>
      <disclaimer lang="en"></disclaimer>
      <platform>all</platform>
        <website>www.ttmedia.live</website>
        <video_guide></video_guide>
    </extension>
</addon>
