<?xml version="1.0" encoding="UTF-8" standalone="yes"?>
<addon id="script.IlluminatiPair" name="[COLORlime]PAIRING TOOL[/COLOR]" version="1.1" provider-name="[B][I][COLORlime]Klepto[/COLOR][/I][/B]">
	<requires>
		<import addon="xbmc.python" version="2.1.0"/>
	</requires>
	<extension point="xbmc.python.script" library="addon.py">
		<provides>script executable</provides>
	</extension>
	<extension point="xbmc.addon.metadata">
		<summary lang="en">PAIRING / AUTHORIZATION TOOL</summary>
		<description lang="en">THIS TOOL ALLOWS YOU TO PAIR YOUR DEVICE WITH VARIOUS PAIRING SITES SUCH AS OPENLOAD AS WELL AS AUTHORIZE YOUR REAL DEBRID ACCOUNT FOR URLRESOLVER AND/OR RESOLVEURL. IT IS NOT COMPATIBLE WITH FIRESTICKS!</description>
		<disclaimer lang="en"></disclaimer>
		<platform>all</platform>
		<license>GNU GENERAL PUBLIC LICENSE. Version 2, June 1991</license>
	</extension>
</addon>