<xml>
  <dir>
    <title>Formats</title>
    <link>file://formats/main.xml</link>
  </dir>

  <dir>
    <title>Shared Lists</title>
    <link>file://shared lists/main.xml</link>
  </dir>
  
  <dir>
  <title>Full XXX Movies</title>
  <meta>
  <title>Full XXX Movies</title>
  <summary>Full length XXX movies</summary>
  </meta>
  <link>file://adult/fxxxm/main.xml</link>
 <thumbnail>https://raw.githubusercontent.com/muaddibttv/artwork/master/arrakis/spiceroom.png</thumbnail>
 </dir>

 <dir>
 <title>Nude Celebrities</title>
 <meta>
 <title>Nude Celebrities</title>
 <summary>Where the famous become infamous</summary>
 </meta>
 <link>file://adult/cnw/main.xml</link>
 <thumbnail>https://raw.githubusercontent.com/muaddibttv/artwork/master/arrakis/adult/cnw.png</thumbnail>
</dir>
</xml>
