<?xml version="1.0" encoding="UTF-8"?>
<addon id="plugin.video.plasmatvguide.ini.creator"
version="1.0.2"
name="Plasma TV Guide InI File Generator"
provider-name="[B][COLORlime]TTMedia[/COLOR][/B]">
<requires>
  <import addon="xbmc.python" version="2.20.0"/>
  <import addon="script.module.xbmcswift2" version="2.4.0"/>
  <import addon="script.module.requests" version="2.9.1" />
</requires>
<extension point="xbmc.python.pluginsource" library="main.py">
  <provides>executable</provides>
</extension>
<extension point="xbmc.addon.metadata">
  <summary lang="en">[B][COLORlime]PLASMA TV GUIDE INI FILE GENERATOR[/COLOR][/B]</summary>
  <description lang="en">.</description>
  <disclaimer lang="en">.</disclaimer>
</extension>
</addon>

