<?xml version="1.0" encoding="UTF-8" standalone="yes"?>
<addon id="plugin.video.ttmediatv" name="[B][COLORdeepskyblue]TTMedia TV[/B][/COLOR]" version="1.0.0" provider-name="[B][COLORdeepskyblue]TTMedia IPTV[/B][/COLOR]">
    <requires>
    </requires>
    <extension point="xbmc.python.pluginsource"
               library="default.py">
        <provides>video</provides>
    </extension>
    <extension point="xbmc.addon.metadata">
        <platform>all</platform>
        <summary>playlist player</summary>
        <description>playlist</description>
    </extension>
</addon>